p1,1,ITY1
p2,2,ITY2
p3,3,ITY3
p4,4,ITY4
p5,5,ITY5
p6,6,ITY6
p7,7,ITY7
p8,8,ITY8
p9,9,ITY9
p10,10,ITY10
p11,11,ITY11
p12,12,ITY12
p13,13,ITY13
p14,14,ITY14
p15,15,ITY15
p16,16,ITY16
p17,17,ITY17
p18,18,ITY18
p19,19,ITY19
p20,20,ITY20
p21,21,ITY21
p22,22,ITY22
p23,23,ITY23
p24,24,ITY24
p25,25,ITY25
p26,26,ITY26
p27,27,ITY27
p28,28,ITY28
p29,29,ITY29
p30,30,ITY30
p31,31,ITY31
p32,32,ITY32
p33,33,ITY33
p34,34,ITY34
p35,35,ITY35
p36,36,ITY36
p37,37,ITY37
p38,38,ITY38 
p39,39,ITY39
p40,40,ITY40
p41,41,ITY41
p42,42,ITY42
p43,43,ITY43
p44,44,ITY44
p45,45,ITY45
p46,46,ITY46
p47,47,ITY47
p48,48,ITY48
p49,49,ITY49
p50,50,ITY50
p51,51,ITY51
p52,52,ITY52
p53,53,ITY53
p54,54,ITY54
p55,55,ITY55
p56,56,ITY56
p57,57,ITY57
p58,58,ITY58
p59,59,ITY59
p60,60,ITY60
p61,61,ITY61
p62,62,ITY62
p63,63,ITY63
p64,64,ITY64
p65,65,ITY65
p66,66,ITY66
p67,67,ITY67
p68,68,ITY68
p69,69,ITY69
p70,70,ITY70
p71,71,ITY71
p72,72,ITY72
p73,73,ITY73
p74,74,ITY74
p75,75,ITY75
p76,76,ITY76
p77,77,ITY77
p78,78,ITY78
p79,79,ITY79
p80,80,ITY80
p81,81,ITY81
p82,82,ITY82
p83,83,ITY83
p84,84,ITY84
p85,85,ITY85
p86,86,ITY86
p87,87,ITY87
p88,88,ITY88
p89,89,ITY89
p90,90,ITY90
p91,91,ITY91
p92,92,ITY92
p93,93,ITY93
p94,94,ITY94
p95,95,ITY95
p96,96,ITY96
p97,97,ITY97
p98,98,ITY98
p99,99,ITY99
p100,100,ITY100